id,type,persian,latin,code,parent_id,is_active,is_default,description
550e8400-e29b-41d4-a716-446655440000,ENUM_TYPE,محل اجرا,contract location,9999,,true,false,
550e8400-e29b-41d4-a716-446655440001,ENUM_TYPE,شرکت صنایع مس ایران,Iran Copper Industries Company,9998,550e8400-e29b-41d4-a716-446655440000,true,false,
550e8400-e29b-41d4-a716-446655440002,ENUM_TYPE,استان تهران,Tehran Province,0031,550e8400-e29b-41d4-a716-446655440000,true,false,
550e8400-e29b-41d4-a716-446655440003,ENUM_TYPE,تهران,Tehran,0032,550e8400-e29b-41d4-a716-446655440002,true,false,
550e8400-e29b-41d4-a716-446655440004,ENUM_TYPE,اسلامشهر,Eslamshahr,0033,550e8400-e29b-41d4-a716-446655440002,true,false,
550e8400-e29b-41d4-a716-446655440005,ENUM_TYPE,شهریار,Shahriar,0034,550e8400-e29b-41d4-a716-446655440002,true,false,
550e8400-e29b-41d4-a716-446655440006,ENUM_TYPE,ری,Rey,0035,550e8400-e29b-41d4-a716-446655440002,true,false,
550e8400-e29b-41d4-a716-446655440007,ENUM_TYPE,شمیرانات,Shemiranat,0036,550e8400-e29b-41d4-a716-446655440002,true,false,
550e8400-e29b-41d4-a716-446655440008,ENUM_TYPE,دماوند,Damavand,0037,550e8400-e29b-41d4-a716-446655440002,true,false,
550e8400-e29b-41d4-a716-446655440009,ENUM_TYPE,پردیس,Pardis,0038,550e8400-e29b-41d4-a716-446655440002,true,false,
550e8400-e29b-41d4-a716-446655440010,ENUM_TYPE,فیروزکوه,Firuzkuh,0039,550e8400-e29b-41d4-a716-446655440002,true,false,
550e8400-e29b-41d4-a716-446655440011,ENUM_TYPE,پاکدشت,Pakdasht,0040,550e8400-e29b-41d4-a716-446655440002,true,false,
550e8400-e29b-41d4-a716-446655440012,ENUM_TYPE,ورامین,Varamin,0041,550e8400-e29b-41d4-a716-446655440002,true,false,
550e8400-e29b-41d4-a716-446655440013,ENUM_TYPE,قرچک,Qarchak,0042,550e8400-e29b-41d4-a716-446655440002,true,false,
550e8400-e29b-41d4-a716-446655440014,ENUM_TYPE,رباط‌کریم,Robat Karim,0043,550e8400-e29b-41d4-a716-446655440002,true,false,
550e8400-e29b-41d4-a716-446655440015,ENUM_TYPE,بهارستان,Baharestan,0044,550e8400-e29b-41d4-a716-446655440002,true,false,
550e8400-e29b-41d4-a716-446655440016,ENUM_TYPE,ملارد,Malard,0045,550e8400-e29b-41d4-a716-446655440002,true,false,
550e8400-e29b-41d4-a716-446655440017,ENUM_TYPE,لواسان,Lavasan,0046,550e8400-e29b-41d4-a716-446655440002,true,false,
550e8400-e29b-41d4-a716-446655440018,ENUM_TYPE,پرند,Parand,0047,550e8400-e29b-41d4-a716-446655440002,true,false,
550e8400-e29b-41d4-a716-446655440019,ENUM_TYPE,استان کرمان,Kerman Province,0048,550e8400-e29b-41d4-a716-446655440000,true,false,
550e8400-e29b-41d4-a716-446655440020,ENUM_TYPE,کرمان,Kerman,0049,550e8400-e29b-41d4-a716-446655440019,true,false,
550e8400-e29b-41d4-a716-446655440021,ENUM_TYPE,سیرجان,Sirjan,0050,550e8400-e29b-41d4-a716-446655440019,true,false,
550e8400-e29b-41d4-a716-446655440022,ENUM_TYPE,رفسنجان,Rafsanjan,0051,550e8400-e29b-41d4-a716-446655440019,true,false,
550e8400-e29b-41d4-a716-446655440023,ENUM_TYPE,بم,Bam,0052,550e8400-e29b-41d4-a716-446655440019,true,false,
550e8400-e29b-41d4-a716-446655440024,ENUM_TYPE,جیرفت,Jiroft,0053,550e8400-e29b-41d4-a716-446655440019,true,false,
550e8400-e29b-41d4-a716-446655440025,ENUM_TYPE,کهنوج,Kahnuj,0054,550e8400-e29b-41d4-a716-446655440019,true,false,
550e8400-e29b-41d4-a716-446655440026,ENUM_TYPE,زرند,Zarand,0055,550e8400-e29b-41d4-a716-446655440019,true,false,
550e8400-e29b-41d4-a716-446655440027,ENUM_TYPE,راور,Ravar,0056,550e8400-e29b-41d4-a716-446655440019,true,false,
550e8400-e29b-41d4-a716-446655440028,ENUM_TYPE,بافت,Baft,0057,550e8400-e29b-41d4-a716-446655440019,true,false,
550e8400-e29b-41d4-a716-446655440029,ENUM_TYPE,رابر,Rabor,0058,550e8400-e29b-41d4-a716-446655440019,true,false,
550e8400-e29b-41d4-a716-446655440030,ENUM_TYPE,فهرج,Fahraj,0059,550e8400-e29b-41d4-a716-446655440019,true,false,
550e8400-e29b-41d4-a716-446655440031,ENUM_TYPE,عنبرآباد,Anbarabad,0060,550e8400-e29b-41d4-a716-446655440019,true,false,
550e8400-e29b-41d4-a716-446655440032,ENUM_TYPE,نرماشیر,Narmashir,0061,550e8400-e29b-41d4-a716-446655440019,true,false,
550e8400-e29b-41d4-a716-446655440033,ENUM_TYPE,قلعه‌گنج,Qaleh Ganj,0062,550e8400-e29b-41d4-a716-446655440019,true,false,
550e8400-e29b-41d4-a716-446655440034,ENUM_TYPE,منوجان,Manujan,0063,550e8400-e29b-41d4-a716-446655440019,true,false,
550e8400-e29b-41d4-a716-446655440035,ENUM_TYPE,بردسیر,Bardsir,0064,550e8400-e29b-41d4-a716-446655440019,true,false,
550e8400-e29b-41d4-a716-446655440036,ENUM_TYPE,ریگان,Rigan,0065,550e8400-e29b-41d4-a716-446655440019,true,false,
550e8400-e29b-41d4-a716-446655440037,ENUM_TYPE,استان یزد,Yazd Province,0066,550e8400-e29b-41d4-a716-446655440000,true,false,
550e8400-e29b-41d4-a716-446655440038,ENUM_TYPE,یزد,Yazd,0067,550e8400-e29b-41d4-a716-446655440037,true,false,
550e8400-e29b-41d4-a716-446655440039,ENUM_TYPE,میبد,Meybod,0068,550e8400-e29b-41d4-a716-446655440037,true,false,
550e8400-e29b-41d4-a716-446655440040,ENUM_TYPE,اردکان,Ardakan,0069,550e8400-e29b-41d4-a716-446655440037,true,false,
550e8400-e29b-41d4-a716-446655440041,ENUM_TYPE,تفت,Taft,0070,550e8400-e29b-41d4-a716-446655440037,true,false,
550e8400-e29b-41d4-a716-446655440042,ENUM_TYPE,مهریز,Mehriz,0071,550e8400-e29b-41d4-a716-446655440037,true,false,
550e8400-e29b-41d4-a716-446655440043,ENUM_TYPE,بافق,Bafq,0072,550e8400-e29b-41d4-a716-446655440037,true,false,
550e8400-e29b-41d4-a716-446655440044,ENUM_TYPE,ابرکوه,Abarkooh,0073,550e8400-e29b-41d4-a716-446655440037,true,false,
550e8400-e29b-41d4-a716-446655440045,ENUM_TYPE,بهاباد,Behabad,0074,550e8400-e29b-41d4-a716-446655440037,true,false,
550e8400-e29b-41d4-a716-446655440046,ENUM_TYPE,اشکذر,Ashkezar,0075,550e8400-e29b-41d4-a716-446655440037,true,false,
550e8400-e29b-41d4-a716-446655440047,ENUM_TYPE,خاتم,Khatam,0076,550e8400-e29b-41d4-a716-446655440037,true,false,
550e8400-e29b-41d4-a716-446655440048,ENUM_TYPE,استان اصفهان,Isfahan Province,0077,550e8400-e29b-41d4-a716-446655440000,true,false,
550e8400-e29b-41d4-a716-446655440049,ENUM_TYPE,اصفهان,Isfahan,0078,550e8400-e29b-41d4-a716-446655440048,true,false,
550e8400-e29b-41d4-a716-446655440050,ENUM_TYPE,کاشان,Kashan,0079,550e8400-e29b-41d4-a716-446655440048,true,false,
550e8400-e29b-41d4-a716-446655440051,ENUM_TYPE,نجف‌آباد,Najafabad,0080,550e8400-e29b-41d4-a716-446655440048,true,false,
550e8400-e29b-41d4-a716-446655440052,ENUM_TYPE,خمینی‌شهر,Khomeynishahr,0081,550e8400-e29b-41d4-a716-446655440048,true,false,
550e8400-e29b-41d4-a716-446655440053,ENUM_TYPE,شاهین‌شهر,Shahinshahr,0082,550e8400-e29b-41d4-a716-446655440048,true,false,
550e8400-e29b-41d4-a716-446655440054,ENUM_TYPE,فلاورجان,Falavarjan,0083,550e8400-e29b-41d4-a716-446655440048,true,false,
550e8400-e29b-41d4-a716-446655440055,ENUM_TYPE,آران و بیدگل,Aran va Bidgol,0084,550e8400-e29b-41d4-a716-446655440048,true,false,
550e8400-e29b-41d4-a716-446655440056,ENUM_TYPE,دهاقان,Dehaqan,0085,550e8400-e29b-41d4-a716-446655440048,true,false,
550e8400-e29b-41d4-a716-446655440057,ENUM_TYPE,تیران و کرون,Tiran va Karvan,0086,550e8400-e29b-41d4-a716-446655440048,true,false,
550e8400-e29b-41d4-a716-446655440058,ENUM_TYPE,نایین,Nain,0087,550e8400-e29b-41d4-a716-446655440048,true,false,
550e8400-e29b-41d4-a716-446655440059,ENUM_TYPE,زرین‌شهر,Zarrinshahr,0088,550e8400-e29b-41d4-a716-446655440048,true,false,
550e8400-e29b-41d4-a716-446655440060,ENUM_TYPE,فریدن,Fereydan,0089,550e8400-e29b-41d4-a716-446655440048,true,false,
550e8400-e29b-41d4-a716-446655440061,ENUM_TYPE,فریدون‌شهر,Fereydunshahr,0090,550e8400-e29b-41d4-a716-446655440048,true,false,
550e8400-e29b-41d4-a716-446655440062,ENUM_TYPE,سمیرم,Semirom,0091,550e8400-e29b-41d4-a716-446655440048,true,false,
550e8400-e29b-41d4-a716-446655440063,ENUM_TYPE,استان آذربایجان شرقی,East Azerbaijan Province,0092,550e8400-e29b-41d4-a716-446655440000,true,false,
550e8400-e29b-41d4-a716-446655440064,ENUM_TYPE,تبریز,Tabriz,0093,550e8400-e29b-41d4-a716-446655440063,true,false,
550e8400-e29b-41d4-a716-446655440065,ENUM_TYPE,مرند,Marand,0094,550e8400-e29b-41d4-a716-446655440063,true,false,
550e8400-e29b-41d4-a716-446655440066,ENUM_TYPE,مراغه,Maragheh,0095,550e8400-e29b-41d4-a716-446655440063,true,false,
550e8400-e29b-41d4-a716-446655440067,ENUM_TYPE,میانه,Mianeh,0096,550e8400-e29b-41d4-a716-446655440063,true,false,
550e8400-e29b-41d4-a716-446655440068,ENUM_TYPE,اهر,Ahar,0097,550e8400-e29b-41d4-a716-446655440063,true,false,
550e8400-e29b-41d4-a716-446655440069,ENUM_TYPE,شبستر,Shabestar,0098,550e8400-e29b-41d4-a716-446655440063,true,false,
550e8400-e29b-41d4-a716-446655440070,ENUM_TYPE,اسکو,Osku,0099,550e8400-e29b-41d4-a716-446655440063,true,false,
550e8400-e29b-41d4-a716-446655440071,ENUM_TYPE,بناب,Bonab,0100,550e8400-e29b-41d4-a716-446655440063,true,false,
550e8400-e29b-41d4-a716-446655440072,ENUM_TYPE,جلفا,Jolfa,0101,550e8400-e29b-41d4-a716-446655440063,true,false,
550e8400-e29b-41d4-a716-446655440073,ENUM_TYPE,ملکان,Malekan,0102,550e8400-e29b-41d4-a716-446655440063,true,false,
550e8400-e29b-41d4-a716-446655440074,ENUM_TYPE,کلیبر,Kaleybar,0103,550e8400-e29b-41d4-a716-446655440063,true,false,
550e8400-e29b-41d4-a716-446655440075,ENUM_TYPE,سراب,Sarab,0104,550e8400-e29b-41d4-a716-446655440063,true,false,
550e8400-e29b-41d4-a716-446655440076,ENUM_TYPE,هشترود,Hashtrud,0105,550e8400-e29b-41d4-a716-446655440063,true,false,
550e8400-e29b-41d4-a716-446655440077,ENUM_TYPE,عجب‌شیر,Ajabshir,0106,550e8400-e29b-41d4-a716-446655440063,true,false,
550e8400-e29b-41d4-a716-446655440078,ENUM_TYPE,چاراویماق,Charuymaq,0107,550e8400-e29b-41d4-a716-446655440063,true,false,
550e8400-e29b-41d4-a716-446655440079,ENUM_TYPE,بستان‌آباد,Bostanabad,0108,550e8400-e29b-41d4-a716-446655440063,true,false,
550e8400-e29b-41d4-a716-446655440080,ENUM_TYPE,هوراند,Hurand,0109,550e8400-e29b-41d4-a716-446655440063,true,false,
550e8400-e29b-41d4-a716-446655440081,ENUM_TYPE,استان سیستان و بلوچستان,Sistan and Baluchestan Province,0110,550e8400-e29b-41d4-a716-446655440000,true,false,
550e8400-e29b-41d4-a716-446655440082,ENUM_TYPE,زاهدان,Zahedan,0111,550e8400-e29b-41d4-a716-446655440081,true,false,
550e8400-e29b-41d4-a716-446655440083,ENUM_TYPE,زابل,Zabol,0112,550e8400-e29b-41d4-a716-446655440081,true,false,
550e8400-e29b-41d4-a716-446655440084,ENUM_TYPE,ایرانشهر,Iranshahr,0113,550e8400-e29b-41d4-a716-446655440081,true,false,
550e8400-e29b-41d4-a716-446655440085,ENUM_TYPE,چابهار,Chabahar,0114,550e8400-e29b-41d4-a716-446655440081,true,false,
550e8400-e29b-41d4-a716-446655440086,ENUM_TYPE,خاش,Khash,0115,550e8400-e29b-41d4-a716-446655440081,true,false,
550e8400-e29b-41d4-a716-446655440087,ENUM_TYPE,سراوان,Saravan,0116,550e8400-e29b-41d4-a716-446655440081,true,false,
550e8400-e29b-41d4-a716-446655440088,ENUM_TYPE,میرجاوه,Mirjaveh,0117,550e8400-e29b-41d4-a716-446655440081,true,false,
550e8400-e29b-41d4-a716-446655440089,ENUM_TYPE,نیکشهر,Nikshahr,0118,550e8400-e29b-41d4-a716-446655440081,true,false,
550e8400-e29b-41d4-a716-446655440090,ENUM_TYPE,دلگان,Dalgan,0119,550e8400-e29b-41d4-a716-446655440081,true,false,
550e8400-e29b-41d4-a716-446655440091,ENUM_TYPE,کنارک,Konarak,0120,550e8400-e29b-41d4-a716-446655440081,true,false,
550e8400-e29b-41d4-a716-446655440092,ENUM_TYPE,سیب و سوران,Sib and Suran,0121,550e8400-e29b-41d4-a716-446655440081,true,false,
550e8400-e29b-41d4-a716-446655440093,ENUM_TYPE,زهک,Zehak,0122,550e8400-e29b-41d4-a716-446655440081,true,false,
550e8400-e29b-41d4-a716-446655440094,ENUM_TYPE,هیرمند,Hirmand,0123,550e8400-e29b-41d4-a716-446655440081,true,false,
550e8400-e29b-41d4-a716-446655440095,ENUM_TYPE,فنوج,Fanuj,0124,550e8400-e29b-41d4-a716-446655440081,true,false,
550e8400-e29b-41d4-a716-446655440096,ENUM_TYPE,بمپور,Bampur,0125,550e8400-e29b-41d4-a716-446655440081,true,false,
550e8400-e29b-41d4-a716-446655440097,ENUM_TYPE,استان خراسان جنوبی,South Khorasan Province,0126,550e8400-e29b-41d4-a716-446655440000,true,false,
550e8400-e29b-41d4-a716-446655440098,ENUM_TYPE,بیرجند,Birjand,0127,550e8400-e29b-41d4-a716-446655440097,true,false,
550e8400-e29b-41d4-a716-446655440099,ENUM_TYPE,طبس,Tabas,0128,550e8400-e29b-41d4-a716-446655440097,true,false,
550e8400-e29b-41d4-a716-446655440100,ENUM_TYPE,قائنات,Qaen,0129,550e8400-e29b-41d4-a716-446655440097,true,false,
550e8400-e29b-41d4-a716-446655440101,ENUM_TYPE,فردوس,Ferdows,0130,550e8400-e29b-41d4-a716-446655440097,true,false,
550e8400-e29b-41d4-a716-446655440102,ENUM_TYPE,نهبندان,Nehbandan,0131,550e8400-e29b-41d4-a716-446655440097,true,false,
550e8400-e29b-41d4-a716-446655440103,ENUM_TYPE,سرایان,Sarayan,0132,550e8400-e29b-41d4-a716-446655440097,true,false,
550e8400-e29b-41d4-a716-446655440104,ENUM_TYPE,زیرکوه,Zirkuh,0133,550e8400-e29b-41d4-a716-446655440097,true,false,
550e8400-e29b-41d4-a716-446655440105,ENUM_TYPE,سربیشه,Sarbisheh,0134,550e8400-e29b-41d4-a716-446655440097,true,false,
550e8400-e29b-41d4-a716-446655440106,ENUM_TYPE,خوسف,Khusf,0135,550e8400-e29b-41d4-a716-446655440097,true,false,
550e8400-e29b-41d4-a716-446655440107,ENUM_TYPE,درمیان,Darmian,0136,550e8400-e29b-41d4-a716-446655440097,true,false,
550e8400-e29b-41d4-a716-446655440108,ENUM_TYPE,استان هرمزگان,Hormozgan Province,0137,550e8400-e29b-41d4-a716-446655440000,true,false,
550e8400-e29b-41d4-a716-446655440109,ENUM_TYPE,بندرعباس,Bandar Abbas,0138,550e8400-e29b-41d4-a716-446655440108,true,false,
550e8400-e29b-41d4-a716-446655440110,ENUM_TYPE,میناب,Minab,0139,550e8400-e29b-41d4-a716-446655440108,true,false,
550e8400-e29b-41d4-a716-446655440111,ENUM_TYPE,بندرلنگه,Bandar Lengeh,0140,550e8400-e29b-41d4-a716-446655440108,true,false,
550e8400-e29b-41d4-a716-446655440112,ENUM_TYPE,رودان,Rudan,0141,550e8400-e29b-41d4-a716-446655440108,true,false,
550e8400-e29b-41d4-a716-446655440113,ENUM_TYPE,حاجی‌آباد,Hajjiabad,0142,550e8400-e29b-41d4-a716-446655440108,true,false,
550e8400-e29b-41d4-a716-446655440114,ENUM_TYPE,قشم,Qeshm,0143,550e8400-e29b-41d4-a716-446655440108,true,false,
550e8400-e29b-41d4-a716-446655440115,ENUM_TYPE,جاسک,Jask,0144,550e8400-e29b-41d4-a716-446655440108,true,false,
550e8400-e29b-41d4-a716-446655440116,ENUM_TYPE,بستک,Bastak,0145,550e8400-e29b-41d4-a716-446655440108,true,false,
550e8400-e29b-41d4-a716-446655440117,ENUM_TYPE,سیریک,Sirik,0146,550e8400-e29b-41d4-a716-446655440108,true,false,
550e8400-e29b-41d4-a716-446655440118,ENUM_TYPE,پارسیان,Parsian,0147,550e8400-e29b-41d4-a716-446655440108,true,false,
550e8400-e29b-41d4-a716-446655440119,ENUM_TYPE,ابوموسی,Abu Musa,0148,550e8400-e29b-41d4-a716-446655440108,true,false,
550e8400-e29b-41d4-a716-446655440120,ENUM_TYPE,بشاگرد,Bashagard,0149,550e8400-e29b-41d4-a716-446655440108,true,false,
550e8400-e29b-41d4-a716-446655440121,ENUM_TYPE,دفتر ستاد تهران,Tehran Headquarters Office,0150,550e8400-e29b-41d4-a716-446655440001,true,false,
550e8400-e29b-41d4-a716-446655440122,ENUM_TYPE,دفتر کرمان,Kerman Office,0151,550e8400-e29b-41d4-a716-446655440001,true,false,
550e8400-e29b-41d4-a716-446655440123,ENUM_TYPE,دفتر تبریز,Tabriz Office,0152,550e8400-e29b-41d4-a716-446655440001,true,false,
550e8400-e29b-41d4-a716-446655440124,ENUM_TYPE,دفتر رفسنجان,Rafsanjan Office,0153,550e8400-e29b-41d4-a716-446655440001,true,false,
550e8400-e29b-41d4-a716-446655440125,ENUM_TYPE,دفتر اصفهان,Isfahan Office,0154,550e8400-e29b-41d4-a716-446655440001,true,false,
550e8400-e29b-41d4-a716-446655440126,ENUM_TYPE,مجتمع مس سرچشمه,Sarcheshmeh Copper Complex,0155,550e8400-e29b-41d4-a716-446655440001,true,false,
550e8400-e29b-41d4-a716-446655440127,ENUM_TYPE,مجتمع مس سونگون,Sungun Copper Complex,0156,550e8400-e29b-41d4-a716-446655440001,true,false,
550e8400-e29b-41d4-a716-446655440128,ENUM_TYPE,مجتمع مس شهربابک,Shahrbabak Copper Complex,0157,550e8400-e29b-41d4-a716-446655440001,true,false,
550e8400-e29b-41d4-a716-446655440129,ENUM_TYPE,معدن میدوک,Miduk Mine,0158,550e8400-e29b-41d4-a716-446655440001,true,false,
550e8400-e29b-41d4-a716-446655440130,ENUM_TYPE,معدن چاه‌فیروزه,Chah Firouzeh Mine,0159,550e8400-e29b-41d4-a716-446655440001,true,false,
550e8400-e29b-41d4-a716-446655440131,ENUM_TYPE,معدن مس دره‌آلو,Dareh Alou Copper Mine,0160,550e8400-e29b-41d4-a716-446655440001,true,false,
550e8400-e29b-41d4-a716-446655440132,ENUM_TYPE,انبار خانه سرخ بندرعباس,Bandar Abbas Red Warehouse,0161,550e8400-e29b-41d4-a716-446655440001,true,false,